{"cameraMode":{"drawMode":0,"name":"Shaded","section":"Shading Mode"},"sceneLighting":false,"audioPlay":false,"sceneViewState":{"showFog":true,"showMaterialUpdate":false,"showSkybox":false,"showFlares":true,"showImageEffects":true,"showParticleSystems":true},"in2DMode":false,"pivot":{"x":-1.54008150100708,"y":3.4156436920166017,"z":0.4793980121612549},"rotation":{"x":-0.06358352303504944,"y":-0.9364394545555115,"z":0.23841387033462525,"w":-0.24957382678985597},"size":10.0,"orthographic":false}